,Player,Appearances,OR,DR,TR,ROR,RDR,RTR,TMVP,EMVP,OPOE,DPOE,RLOW,OPOS,DPOS,FUJI9,CUSHN,ANMRI,Awards
0,David Mitchell,140,5.86,2.89,8.75,0.68,0.59,1.27,47,25,19,19,0,2,0,1.23,3.57,8.42,112
3,Lee Mack,140,5.77,2.59,8.36,0.79,0.38,1.17,43,23,31,14,0,4,0,1.22,3.38,7.87,115
141,Bob Mortimer,11,5.11,3.27,8.39,0.36,1.15,1.5099999999999998,1,1,0,3,2,0,0,1.54,3.63,7.33,7
140,Richard Osman,10,7.65,3.0,10.65,1.46,0.88,2.34,4,1,3,1,1,1,0,1.65,4.46,10.39,11
50,Jo Brand,9,6.17,5.0,11.17,0.38,2.93,3.31,5,2,2,3,3,0,1,1.35,5.38,10.08,16
90,Rhod Gilbert,9,7.0,4.17,11.17,0.75,1.48,2.23,3,1,2,2,0,1,0,1.28,4.92,9.71,9
23,Claudia Winkleman,7,5.36,6.21,11.57,0.56,3.56,4.12,6,3,1,5,1,0,2,1.71,6.78,9.59,18
15,Jason Manford,7,5.57,1.71,7.29,0.05,0.51,0.56,1,1,0,0,0,0,0,0.79,1.77,6.43,2
28,Gabby Logan,6,5.75,4.2,9.95,0.5,1.66,2.16,3,0,1,0,2,0,0,1.43,4.7,8.83,6
166,Henning Wehn,6,4.0,3.0,7.0,0.0,0.88,0.88,1,1,0,1,1,0,0,0.71,3.0,5.5,4
130,Miles Jupp,6,4.12,1.5,5.62,-0.19,0.72,0.53,1,0,0,0,3,0,0,0.94,1.31,5.12,4
61,Miranda Hart,5,7.05,6.6,13.65,1.39,3.55,4.9399999999999995,3,2,1,2,0,0,0,2.25,7.99,12.75,8
54,Stephen Mangan,5,7.2,5.52,12.72,0.36,2.43,2.79,2,2,1,2,1,0,0,1.86,5.88,12.12,8
87,Sarah Millican,5,2.7,4.2,6.9,-0.11,0.82,0.71,2,1,1,1,1,0,1,1.4,4.09,5.4,7
126,Alex Jones,4,5.25,7.88,13.12,-0.09,4.81,4.72,2,1,1,3,1,0,2,2.06,7.78,9.65,10
295,Chris McCausland,4,6.75,5.62,12.38,1.4,2.89,4.29,2,2,1,2,0,0,0,1.84,7.03,9.56,7
159,Josh Widdicombe,4,4.88,7.12,12.0,0.8,5.06,5.859999999999999,3,1,1,3,0,0,1,2.24,7.92,10.03,9
244,Sara Pascoe,4,4.5,6.0,10.5,0.38,3.26,3.6399999999999997,3,1,0,0,0,0,0,1.55,6.38,7.69,4
117,Jon Richardson,4,5.62,4.5,10.12,0.84,1.02,1.8599999999999999,0,0,0,0,0,0,0,1.84,5.35,8.16,0
125,Mel Giedroyc,4,5.85,3.9,9.75,0.22,0.38,0.6,1,1,0,0,1,0,0,1.72,4.12,8.25,3
112,Greg Davies,4,5.25,4.12,9.38,0.84,3.1,3.94,2,1,1,1,1,0,1,1.72,4.97,8.34,7
11,Dara O Brien,4,5.62,3.75,9.38,0.75,1.66,2.41,2,2,1,2,0,0,0,1.11,4.5,9.38,7
12,Jimmy Carr,4,4.5,3.75,8.25,0.0,1.32,1.32,1,1,1,1,0,0,0,1.75,3.75,7.12,4
251,James Acaster,3,7.0,7.0,14.0,0.0,3.28,3.28,2,2,2,2,0,0,0,1.24,7.0,10.5,8
40,Hugh Dennis,3,6.5,4.5,11.0,1.13,1.94,3.07,2,2,1,2,0,0,1,1.86,5.63,10.0,8
198,Joe Lycett,3,7.0,4.0,11.0,-0.5,1.84,1.34,1,1,0,1,0,0,0,1.09,3.5,11.0,3
2,Frankie Boyle,3,6.0,4.0,10.0,-0.37,2.4,2.03,1,0,0,1,0,0,0,1.18,3.63,9.0,2
133,Clare Balding,3,4.0,4.0,8.0,-0.56,-0.33,-0.8900000000000001,1,1,0,1,0,0,0,1.0,3.44,6.75,3
63,Jack Whitehall,3,4.75,0.0,4.75,-0.37,-0.88,-1.25,0,0,0,0,0,0,0,0.54,-0.37,4.75,0
18,Russell Howard,3,4.2,0.0,4.2,-1.0,-0.8,-1.8,0,0,0,0,0,0,0,0.6,-1.0,4.2,0
120,Victoria Coren,2,6.3,9.0,15.3,1.24,3.68,4.92,1,1,1,1,0,0,0,2.54,10.24,13.05,4
78,Ruth Jones,2,9.0,6.3,15.3,2.25,1.8,4.05,1,1,2,1,1,0,1,2.49,8.55,15.3,7
302,Guz Khan,2,7.88,6.0,13.88,0.84,2.16,3.0,1,1,1,1,0,0,0,1.58,6.84,13.12,4
7,Fay Ripley,2,6.0,7.5,13.5,1.12,3.48,4.6,1,1,0,1,0,0,0,2.14,8.62,9.75,3
298,Asim Chaudhry,2,6.0,6.75,12.75,2.53,2.05,4.58,1,1,1,1,0,0,0,2.06,9.28,9.94,4
330,Raj Bisram,2,6.08,6.3,12.38,0.0,2.88,2.88,1,1,0,0,0,0,0,1.38,6.3,10.12,2
306,Alice Levine,2,7.5,4.8,12.3,2.53,1.27,3.8,1,1,1,1,0,1,0,1.54,7.33,10.8,5
188,Roisin Conaty,2,6.0,6.3,12.3,1.5,1.44,2.94,1,0,0,0,0,0,0,1.86,7.8,10.05,1
52,Carol Vorderman,2,7.5,4.5,12.0,0.75,2.4,3.15,1,1,0,1,0,0,0,1.42,5.25,9.75,3
316,Tom Allen,2,7.5,4.5,12.0,0.0,2.28,2.28,1,0,0,1,0,0,0,1.0,4.5,10.5,2
76,Sanjeev Bhaskar,2,6.75,4.8,11.55,0.84,-0.33,0.51,1,1,1,0,0,0,0,0.9,5.64,10.05,3
325,Lou Sanders,2,4.5,6.75,11.25,0.0,4.0,4.0,1,0,0,1,0,0,0,1.43,6.75,8.44,2
74,Charlie Brooker,2,6.75,4.5,11.25,0.75,1.08,1.83,1,0,0,0,0,0,0,1.59,5.25,9.0,1
213,Romesh Ranganathan,2,3.38,6.3,9.68,-0.56,3.22,2.66,1,0,0,1,0,0,0,1.6,5.74,7.42,2
53,Fern Britton,2,5.62,3.75,9.38,0.0,1.72,1.72,0,0,0,0,1,0,0,1.18,3.75,8.07,1
106,Katherine Parkinson,2,3.38,5.25,8.62,-0.56,4.23,3.6700000000000004,1,1,0,1,0,0,0,2.42,4.68,7.69,3
81,Kevin Bridges,2,3.75,4.5,8.25,0.0,3.0,3.0,1,0,0,0,1,0,0,0.91,4.5,6.0,2
33,David Baddiel,2,6.75,1.5,8.25,1.69,0.18,1.8699999999999999,0,0,0,0,0,0,0,2.08,3.19,7.88,0
24,Tara Palmer-Tomkinson,2,5.25,3.0,8.25,0.0,1.08,1.08,1,0,1,0,0,0,0,0.64,3.0,6.75,2
37,Davina McCall,2,5.25,3.0,8.25,0.0,0.48,0.48,0,0,0,0,1,0,0,0.5,3.0,6.75,1
105,David O'Doherty,2,5.62,2.25,7.88,-0.56,0.81,0.25,0,0,0,1,2,0,0,1.27,1.69,7.31,3
21,Vic Reeves,2,7.88,0.0,7.88,0.0,-2.92,-2.92,0,0,0,0,0,0,0,0.72,0.0,7.88,0
57,Marcus Brigstocke,2,6.0,1.8,7.8,0.75,0.12,0.87,0,0,0,0,0,0,0,1.4,2.55,7.8,0
224,Diane Morgan,2,6.0,1.5,7.5,0.75,-0.12,0.63,0,0,0,0,0,0,0,1.38,2.25,6.75,0
10,Eamonn Holmes,2,6.0,1.5,7.5,0.0,-1.17,-1.17,0,0,0,0,0,0,0,0.52,1.5,7.5,0
29,Robert Webb,2,6.75,0.0,6.75,0.0,-1.84,-1.84,0,0,0,0,0,0,0,0.61,0.0,6.75,0
202,John Cooper Clarke,2,4.5,1.8,6.3,1.4,0.72,2.12,1,1,1,0,1,0,0,1.69,3.2,6.3,4
122,Barry Cryer,2,6.0,0.0,6.0,-0.75,-0.72,-1.47,0,0,0,0,1,0,0,0.56,-0.75,6.0,1
39,Peter Serafinowicz,2,5.25,0.0,5.25,1.5,-0.6,0.9,0,0,0,0,0,0,0,0.98,1.5,5.25,0
79,Jack Dee,2,4.5,0.75,5.25,0.0,0.03,0.03,1,0,0,0,0,0,0,0.85,0.75,5.06,1
38,Olivia Colman,2,3.75,1.5,5.25,0.0,-0.12,-0.12,0,0,0,0,0,0,0,0.81,1.5,4.5,0
155,Warwick Davis,2,5.25,0.0,5.25,-0.56,-0.72,-1.28,0,0,0,0,1,0,0,0.54,-0.56,5.25,1
228,Katherine Ryan,2,2.25,0.0,2.25,0.0,0.0,0.0,0,0,0,0,0,0,0,0.0,0.0,2.25,0
299,Samson Kayo,1,9.0,9.0,18.0,3.38,7.2,10.58,1,1,1,1,0,0,1,3.43,12.38,13.5,5
165,Joanna Scanlan,1,9.0,9.0,18.0,4.5,6.0,10.5,1,0,1,1,0,0,1,3.47,13.5,18.0,4
186,Gareth Malone,1,9.0,9.0,18.0,3.38,5.4,8.780000000000001,1,1,1,1,1,0,1,3.26,12.38,15.75,6
175,Adam Buxton,1,9.0,9.0,18.0,3.0,4.56,7.56,1,1,1,1,1,0,0,3.1,12.0,18.0,5
245,Kimberly Wyatt,1,9.0,9.0,18.0,1.69,5.76,7.449999999999999,1,1,1,1,0,0,0,2.98,10.69,13.5,4
264,Jordan Stephens,1,9.0,9.0,18.0,1.5,5.76,7.26,1,1,1,1,0,0,0,2.94,10.5,18.0,4
226,Sara Cox,1,9.0,9.0,18.0,3.38,3.6,6.98,1,0,1,1,0,1,0,3.03,12.38,13.5,4
238,Jason Watkins,1,9.0,9.0,18.0,0.0,6.0,6.0,1,1,0,1,0,0,1,1.82,9.0,13.5,4
148,Armando Iannucci,1,9.0,9.0,18.0,1.69,3.51,5.199999999999999,1,1,1,1,0,0,0,2.71,10.69,18.0,4
296,Angela Scanlon,1,9.0,9.0,18.0,0.0,4.8,4.8,1,1,0,1,0,0,0,1.69,9.0,13.5,3
345,Roman Kemp,1,9.0,9.0,18.0,4.5,0.0,4.5,1,0,1,1,0,0,0,1.65,13.5,13.5,3
279,Scarlett Moffatt,1,9.0,9.0,18.0,0.0,3.6,3.6,1,1,1,1,0,0,0,1.53,9.0,13.5,4
280,Tomasz Schafernaker,1,9.0,9.0,18.0,0.0,3.6,3.6,0,0,0,0,0,0,0,1.53,9.0,13.5,0
150,Denise van Outen,1,9.0,9.0,18.0,0.0,2.16,2.16,1,1,1,1,0,0,0,1.29,9.0,13.5,4
252,Susie Dent,1,9.0,9.0,18.0,0.0,2.16,2.16,1,1,1,1,0,0,0,1.29,9.0,13.5,4
253,Stacey Solomon,1,9.0,9.0,18.0,0.0,2.16,2.16,0,0,0,0,0,0,0,1.29,9.0,18.0,0
17,Neil Morrissey,1,9.0,9.0,18.0,0.0,2.1,2.1,0,0,0,0,0,0,0,1.28,9.0,18.0,0
311,Jennifer Saunders,1,9.0,7.5,16.5,0.0,5.25,5.25,1,1,0,1,0,0,0,1.74,7.5,14.62,3
333,Samantha Morton,1,6.75,9.0,15.75,3.38,5.76,9.14,1,0,1,1,0,0,0,3.29,12.38,15.75,3
100,Patsy Palmer,1,6.75,9.0,15.75,1.12,5.76,6.88,1,1,1,1,0,0,0,2.83,10.12,15.75,4
336,The Rev. Kate Bottley,1,6.75,9.0,15.75,0.0,5.76,5.76,1,1,0,1,0,0,0,1.79,9.0,11.25,3
137,Andy Hamilton,1,6.75,9.0,15.75,1.12,4.56,5.68,1,1,0,1,1,0,0,2.7,10.12,11.25,4
20,Len Goodman,1,6.75,9.0,15.75,0.0,5.4,5.4,0,0,0,1,0,0,0,1.75,9.0,11.25,1
359,Angellica Bell,1,6.75,9.0,15.75,2.25,2.16,4.41,1,1,1,0,0,0,0,2.6,11.25,15.75,3
43,Michael Buerk,1,9.0,6.0,15.0,1.5,6.0,7.5,1,1,1,1,0,0,0,2.96,7.5,13.5,4
259,Craig Parkinson,1,6.0,9.0,15.0,0.0,7.2,7.2,1,1,1,1,0,0,1,1.93,9.0,15.0,5
27,Krishnan Guru-Murthy,1,6.0,9.0,15.0,0.0,4.95,4.95,1,1,1,1,0,0,0,1.7,9.0,10.5,4
221,Martin Kemp,1,9.0,6.0,15.0,1.69,3.0,4.6899999999999995,0,0,0,0,0,0,0,2.63,7.69,13.5,0
209,Sean Lock,1,6.0,9.0,15.0,0.0,4.32,4.32,1,1,1,1,0,0,0,1.63,9.0,10.5,4
46,Michael McIntyre,1,6.0,9.0,15.0,-1.5,5.55,4.05,1,1,0,1,0,0,0,2.34,7.5,10.5,3
289,Ronan Keating,1,9.0,6.0,15.0,1.69,2.16,3.85,1,0,0,1,0,0,0,2.48,7.69,15.0,2
393,Josie Gibson,1,9.0,6.0,15.0,1.5,2.16,3.66,0,0,0,1,0,0,0,2.44,7.5,13.5,1
64,Christine Bleakley,1,9.0,6.0,15.0,0.0,3.6,3.6,1,1,0,1,0,0,0,1.53,6.0,13.5,3
95,Deborah Meaden,1,6.0,9.0,15.0,0.0,3.6,3.6,0,0,0,0,1,0,0,1.53,9.0,15.0,1
249,Anita Rani,1,9.0,6.0,15.0,0.0,3.6,3.6,1,1,1,1,0,0,0,1.53,6.0,12.0,4
73,Michael Ball,1,9.0,6.0,15.0,1.5,1.2,2.7,0,0,1,0,1,0,0,2.21,7.5,12.0,2
392,Steven Bartlett,1,9.0,6.0,15.0,1.5,0.96,2.46,1,1,0,0,0,0,0,2.13,7.5,15.0,2
77,Martin Clunes,1,9.0,6.0,15.0,1.69,0.6,2.29,0,0,0,0,1,0,0,2.03,7.69,13.5,1
267,Denise Lewis,1,9.0,6.0,15.0,0.0,1.92,1.92,1,1,0,1,0,0,0,1.24,6.0,12.0,3
134,Sally Phillips,1,9.0,6.0,15.0,0.0,1.65,1.65,0,0,0,0,1,0,0,1.18,6.0,15.0,1
380,Bobby Seagull,1,9.0,6.0,15.0,0.0,1.11,1.11,1,1,0,1,0,0,0,1.04,6.0,12.0,3
297,Greg James,1,5.4,9.0,14.4,0.9,3.6,4.5,1,0,1,1,0,0,0,2.5,9.9,9.9,3
86,Ronnie Corbett,1,9.0,4.5,13.5,4.5,3.3,7.8,1,0,1,0,1,1,0,3.14,9.0,12.38,4
272,Rylan Clark-Neal,1,4.5,9.0,13.5,1.69,5.76,7.449999999999999,1,0,1,1,0,0,1,2.98,10.69,9.0,4
321,Fred Sirieix,1,4.5,9.0,13.5,0.0,7.2,7.2,1,0,0,0,0,0,0,1.93,9.0,13.5,1
231,Kevin Bishop,1,4.5,9.0,13.5,0.0,6.0,6.0,1,0,0,0,0,0,0,1.82,9.0,9.0,1
6,Patrick McGuiness,1,6.0,7.5,13.5,3.0,2.46,5.46,1,0,1,1,0,0,0,2.79,10.5,13.5,3
334,Sarah Hadland,1,4.5,9.0,13.5,0.0,4.95,4.95,1,1,0,0,0,0,0,1.7,9.0,9.0,2
143,Huw Edwards,1,4.5,9.0,13.5,0.0,4.56,4.56,1,1,0,1,1,0,0,1.66,9.0,9.0,4
376,Stephen Mulhern,1,9.0,4.5,13.5,0.0,4.5,4.5,1,0,1,1,0,0,0,1.65,4.5,12.38,3
85,Kate Silverton,1,4.5,9.0,13.5,0.0,3.6,3.6,0,0,0,0,0,0,0,1.53,9.0,13.5,0
227,Harry Shearer,1,4.5,9.0,13.5,0.0,3.6,3.6,0,0,0,0,0,0,0,1.53,9.0,13.5,0
319,Simon Day,1,4.5,9.0,13.5,0.0,3.6,3.6,1,0,1,1,0,0,0,1.53,9.0,13.5,3
162,David Harewood,1,4.5,9.0,13.5,-1.12,4.56,3.4399999999999995,1,1,0,1,0,0,0,2.18,7.88,9.0,3
342,AJ Odudu,1,6.0,7.5,13.5,-1.5,4.62,3.12,1,1,0,1,0,0,0,2.24,6.0,11.62,3
47,Phil Daniels,1,9.0,4.5,13.5,1.5,1.05,2.55,0,0,1,0,0,0,0,2.16,6.0,13.5,1
44,Shane Richie,1,9.0,4.5,13.5,0.0,2.25,2.25,0,0,0,0,0,0,0,1.31,4.5,11.25,0
103,Sir Terry Wogan,1,9.0,4.5,13.5,0.0,2.25,2.25,0,0,0,0,0,0,0,1.31,4.5,12.38,0
283,Emma Bunton,1,9.0,4.5,13.5,0.0,2.25,2.25,0,0,0,0,0,0,0,1.31,4.5,11.25,0
215,Bill Bailey,1,4.5,9.0,13.5,0.0,2.16,2.16,0,0,0,0,0,0,0,1.29,9.0,9.0,0
92,Rufus Hound,1,9.0,3.6,12.6,4.5,1.44,5.9399999999999995,1,1,1,0,0,0,0,2.78,8.1,12.6,3
235,Tom Davis,1,9.0,3.6,12.6,3.38,1.44,4.82,1,1,1,0,0,0,0,2.63,6.98,12.6,3
68,Ronni Ancona,1,9.0,3.6,12.6,2.25,1.44,3.69,0,0,1,0,0,0,0,2.44,5.85,12.6,1
35,Richard Wilson,1,9.0,3.6,12.6,3.38,0.24,3.62,0,0,0,0,0,0,0,2.12,6.98,12.6,0
276,Michaela Strachan,1,9.0,3.6,12.6,3.38,0.0,3.38,1,0,1,0,0,0,0,1.5,6.98,12.6,2
317,Vicki Pepperdine,1,9.0,3.6,12.6,3.0,0.24,3.24,1,0,1,0,0,0,0,2.06,6.6,12.6,2
258,Clive Myrie,1,9.0,3.6,12.6,1.5,1.44,2.94,1,1,1,0,0,0,0,2.27,5.1,12.6,3
179,Heston Blumenthal,1,9.0,3.6,12.6,0.0,2.88,2.88,1,0,1,1,0,0,0,1.42,3.6,12.6,3
181,Emilia Fox,1,9.0,3.6,12.6,0.0,2.88,2.88,1,1,0,0,0,0,0,1.42,3.6,12.6,2
217,Alex Brooker,1,9.0,3.6,12.6,0.0,2.88,2.88,1,0,1,1,0,0,0,1.42,3.6,12.6,3
31,Rich Hall,1,9.0,3.6,12.6,1.12,1.44,2.56,0,0,0,0,0,0,0,2.17,4.72,12.6,0
261,Nish Kumar,1,9.0,3.6,12.6,1.5,0.0,1.5,0,0,0,0,0,0,0,1.14,5.1,12.6,0
341,Joel Dommett,1,9.0,3.6,12.6,1.5,0.0,1.5,0,0,0,0,0,0,0,1.14,5.1,12.6,0
36,Michael Aspen,1,9.0,3.6,12.6,0.0,1.44,1.44,0,0,0,0,0,0,0,1.13,3.6,12.6,0
123,Sue Perkins,1,9.0,3.6,12.6,0.0,1.44,1.44,0,0,0,0,0,0,0,1.13,3.6,12.6,0
207,Rob Delaney,1,9.0,3.6,12.6,0.0,0.24,0.24,0,0,0,0,1,0,0,0.62,3.6,12.6,1
268,Robert Rinder,1,9.0,3.6,12.6,0.0,0.0,0.0,0,0,0,0,0,0,0,0.0,3.6,12.6,0
288,Sian Gibson,1,9.0,3.6,12.6,0.0,0.0,0.0,0,0,0,0,0,0,0,0.0,3.6,12.6,0
94,Patrick Kielty,1,3.0,9.0,12.0,0.0,7.2,7.2,1,1,0,0,0,0,0,1.93,9.0,7.5,2
396,Jayde Adams,1,9.0,3.0,12.0,5.06,1.2,6.26,1,0,1,0,0,1,0,2.78,8.06,12.0,3
83,Ben Fogle,1,3.0,9.0,12.0,0.0,5.76,5.76,1,0,0,0,1,0,0,1.79,9.0,7.5,2
234,Tracy-Ann Oberman,1,3.0,9.0,12.0,0.0,5.76,5.76,1,0,0,0,0,0,0,1.79,9.0,7.5,1
170,Fiona Bruce,1,3.0,9.0,12.0,0.0,4.56,4.56,1,1,0,0,0,0,0,1.66,9.0,12.0,2
5,Dom Joly,1,9.0,3.0,12.0,2.25,1.8,4.05,1,1,0,0,0,0,0,2.53,5.25,11.25,2
128,Richard Madeley,1,9.0,3.0,12.0,3.38,0.06,3.44,1,0,1,0,0,1,0,1.89,6.38,11.25,3
164,Kirsty Young,1,6.0,6.0,12.0,1.5,1.92,3.42,1,1,0,0,0,0,0,2.39,7.5,9.0,2
301,Anneka Rice,1,6.0,6.0,12.0,0.0,3.36,3.36,1,0,0,0,0,0,0,1.5,6.0,12.0,1
362,Loyiso Gola,1,9.0,3.0,12.0,0.0,2.4,2.4,1,0,0,0,0,0,0,1.34,3.0,10.5,1
58,Jamelia,1,6.0,6.0,12.0,-1.5,3.6,2.1,0,0,0,1,0,0,0,2.1,4.5,9.0,1
222,Nadiya Hussain,1,6.0,6.0,12.0,1.5,0.0,1.5,0,0,0,0,0,0,0,1.14,7.5,12.0,0
248,Mark Bonnar,1,9.0,3.0,12.0,0.0,1.2,1.2,0,0,0,0,0,0,0,1.06,3.0,12.0,0
355,Judi Love,1,9.0,3.0,12.0,1.12,-0.24,0.8800000000000001,0,0,0,0,0,0,0,1.35,4.12,12.0,0
187,Paul Foot,1,9.0,3.0,12.0,0.0,-0.24,-0.24,0,0,0,0,0,0,0,0.31,3.0,10.5,0
16,Leslie Ash,1,9.0,3.0,12.0,0.0,-2.1,-2.1,0,0,0,0,0,0,0,0.64,3.0,11.25,0
398,Lucy Martin,1,5.4,6.0,11.4,0.0,3.36,3.36,1,1,0,0,0,0,0,1.5,6.0,11.4,2
353,Ardal O'Hanlon,1,6.75,4.5,11.25,1.12,3.06,4.18,1,0,0,0,0,0,0,2.49,5.62,10.12,1
339,Dan Walker,1,6.75,4.5,11.25,2.25,1.62,3.87,1,1,1,0,0,0,0,2.48,6.75,10.12,3
204,Germaine Greer,1,6.75,4.5,11.25,1.12,1.62,2.74,1,1,1,1,1,0,0,2.21,5.62,10.12,5
385,Motsi Mabuse,1,2.25,9.0,11.25,-1.12,3.26,2.1399999999999997,1,1,0,0,0,0,0,2.0,7.88,6.75,2
406,Lucy Beaumont,1,4.5,6.0,10.5,2.25,1.92,4.17,1,1,0,0,0,0,0,2.55,8.25,7.5,2
212,Tinchy Stryder,1,4.5,6.0,10.5,0.0,3.36,3.36,1,1,0,0,1,0,0,1.5,6.0,7.5,3
236,Shaun Ryder,1,4.5,6.0,10.5,0.0,3.36,3.36,0,0,0,1,0,0,0,1.5,6.0,10.5,1
237,Clara Amfo,1,4.5,6.0,10.5,0.0,3.36,3.36,0,0,0,0,0,0,0,1.5,6.0,7.5,0
275,Aston Merrygold,1,4.5,6.0,10.5,0.0,3.36,3.36,1,1,0,1,0,0,0,1.5,6.0,7.5,3
410,Sally Lindsay,1,4.5,6.0,10.5,1.69,0.96,2.65,0,0,0,0,0,0,0,2.18,7.69,7.5,0
168,Susanna Reid,1,4.5,6.0,10.5,0.0,2.4,2.4,0,0,0,0,0,0,0,1.34,6.0,10.5,0
26,Rob Brydon,1,6.0,4.5,10.5,0.0,2.25,2.25,0,0,0,0,0,0,0,1.31,4.5,9.38,0
305,Sue Johnston,1,4.5,6.0,10.5,0.0,2.16,2.16,1,0,0,0,0,0,0,1.29,6.0,7.5,1
142,Patsy Kensit,1,4.5,6.0,10.5,-1.69,3.6,1.9100000000000001,0,0,0,1,0,0,0,2.13,4.31,10.5,1
326,Les Dennis,1,6.0,4.5,10.5,0.0,1.62,1.62,1,1,1,0,0,0,0,1.17,4.5,8.25,3
110,Nigel Havers,1,4.5,6.0,10.5,0.0,1.35,1.35,0,0,0,1,1,0,0,1.11,6.0,7.5,2
193,Adrian Chiles,1,4.5,6.0,10.5,0.0,0.96,0.96,0,0,0,0,0,0,0,0.99,6.0,7.5,0
88,Julian Clary,1,4.5,6.0,10.5,-1.12,1.92,0.7999999999999998,1,1,0,1,0,0,0,1.76,4.88,10.5,3
127,Alexander Armstrong,1,9.0,1.5,10.5,0.0,0.75,0.75,0,0,0,0,0,0,0,0.91,1.5,10.5,0
255,Henry Blofeld,1,9.0,1.5,10.5,0.0,0.75,0.75,0,0,0,0,0,0,0,0.91,1.5,10.12,0
308,Stephen Merchant,1,9.0,1.5,10.5,0.0,0.75,0.75,0,0,0,0,0,0,0,0.91,1.5,9.75,0
154,Joan Bakewell,1,9.0,1.5,10.5,0.0,-0.45,-0.45,0,0,0,0,0,0,0,0.38,1.5,10.5,0
104,Katy Wix,1,6.75,3.6,10.35,2.25,2.88,5.13,1,0,1,0,0,0,0,2.73,5.85,10.35,2
62,Kelvin MacKenzie,1,6.75,3.6,10.35,3.38,1.44,4.82,1,0,1,0,1,0,0,2.63,6.98,10.35,3
191,Rachel Riley,1,6.75,3.6,10.35,0.0,1.44,1.44,1,0,0,1,0,0,0,1.13,3.6,10.35,2
192,Ricky Tomlinson,1,6.75,3.6,10.35,0.0,1.44,1.44,0,0,0,0,0,0,0,1.13,3.6,10.35,0
89,Holly Walsh,1,6.75,3.6,10.35,1.12,0.0,1.12,0,0,0,0,0,0,0,1.04,4.72,10.35,0
200,Steve Backshall,1,6.75,3.6,10.35,-1.12,0.24,-0.8800000000000001,0,0,0,0,0,0,0,1.14,2.48,10.35,0
292,Rachel Parris,1,6.75,3.6,10.35,-1.12,0.0,-1.12,0,0,0,0,0,0,0,0.52,2.48,10.35,0
41,Danny Baker,1,7.2,3.0,10.2,0.9,1.2,2.1,0,0,0,0,0,0,0,2.03,3.9,10.2,0
386,Shazia Mirza,1,2.25,7.5,9.75,0.0,4.56,4.56,1,0,0,1,0,0,0,1.66,7.5,6.0,2
241,Phil Wang,1,6.0,3.6,9.6,1.5,2.88,4.38,1,0,1,0,0,0,0,2.57,5.1,9.6,2
349,Anna Maxwell Martin,1,6.0,3.6,9.6,3.0,0.0,3.0,0,0,0,0,0,0,0,1.44,6.6,9.6,0
156,Paul Hollywood,1,6.0,3.6,9.6,0.0,2.88,2.88,1,1,0,0,0,0,0,1.42,3.6,9.6,2
182,Hal Cruttenden,1,6.0,3.6,9.6,0.0,2.88,2.88,1,1,0,0,0,0,0,1.42,3.6,9.6,2
322,Oti Mabuse,1,6.0,3.6,9.6,0.0,1.44,1.44,0,0,0,0,0,0,0,1.13,3.6,9.6,0
208,Richard Hammond,1,6.0,3.6,9.6,0.0,0.0,0.0,0,0,0,0,0,0,0,0.0,3.6,9.6,0
388,Michelle Visage,1,6.0,3.6,9.6,0.0,0.0,0.0,0,0,0,0,0,0,0,0.0,3.6,9.6,0
65,Dave Gorman,1,6.0,3.6,9.6,0.0,-0.96,-0.96,0,0,0,0,0,0,0,0.49,3.6,9.6,0
384,Bez,1,4.5,5.0,9.5,1.12,1.06,2.18,0,0,0,0,0,0,0,2.06,6.12,8.67,0
108,Bill Turnbull,1,3.0,6.0,9.0,0.0,6.0,6.0,1,0,0,0,0,0,0,1.82,6.0,7.5,1
196,June Brown,1,0.0,9.0,9.0,0.0,5.76,5.76,1,0,0,0,1,0,0,1.79,9.0,4.5,2
404,Desiree Burch,1,0.0,9.0,9.0,0.0,5.76,5.76,0,0,0,1,0,0,0,1.79,9.0,9.0,1
8,John Barrowman,1,3.0,6.0,9.0,3.0,2.4,5.4,0,0,0,0,0,0,0,2.78,9.0,6.0,0
139,Dr. Christian Jessen,1,4.5,4.5,9.0,1.69,3.3,4.99,1,0,1,0,0,0,0,2.68,6.19,6.75,2
329,Stephen Hendry,1,0.0,9.0,9.0,0.0,4.8,4.8,1,0,0,0,0,0,0,1.69,9.0,9.0,1
229,John Simpson,1,4.5,4.5,9.0,0.0,4.5,4.5,0,0,0,0,0,0,0,1.65,4.5,6.75,0
397,MIST,1,0.0,9.0,9.0,-1.69,6.0,4.3100000000000005,0,0,0,1,0,0,0,2.41,7.31,4.5,1
145,Bradley Walsh,1,0.0,9.0,9.0,-1.69,5.76,4.07,1,0,0,0,0,0,0,2.39,7.31,9.0,1
34,Maureen Lipman,1,9.0,0.0,9.0,5.06,-1.2,3.8599999999999994,1,0,1,0,0,1,0,2.25,5.06,9.0,3
1,Duncan Bannatyne,1,9.0,0.0,9.0,3.38,0.0,3.38,0,0,1,0,0,1,0,1.5,3.38,9.0,2
114,Phil Tufnell,1,3.0,6.0,9.0,0.0,3.36,3.36,1,0,0,0,0,0,0,1.5,6.0,6.0,1
59,Terry Christian,1,9.0,0.0,9.0,4.5,-1.2,3.3,0,0,1,0,1,1,0,2.18,4.5,9.0,3
97,John Bishop,1,4.5,4.5,9.0,0.0,3.3,3.3,1,0,0,0,0,0,0,1.49,4.5,7.88,1
205,Jermaine Jenas,1,4.5,4.5,9.0,0.0,3.3,3.3,1,0,0,0,0,0,0,1.49,4.5,7.88,1
132,Dale Winton,1,0.0,9.0,9.0,-1.5,4.56,3.0599999999999996,1,0,0,0,1,0,0,2.23,7.5,9.0,2
411,Sarah Greene,1,9.0,0.0,9.0,3.0,0.0,3.0,0,0,1,0,0,0,0,1.44,3.0,9.0,1
269,Dion Dublin,1,6.0,3.0,9.0,0.0,2.4,2.4,1,0,0,0,0,0,0,1.34,3.0,9.0,1
315,Esme Young,1,9.0,0.0,9.0,2.25,0.0,2.25,0,0,0,0,0,0,0,1.31,2.25,9.0,0
214,Gaby Roslin,1,9.0,0.0,9.0,3.38,-1.44,1.94,0,0,1,0,0,0,0,2.07,3.38,9.0,1
172,Steve Jones,1,0.0,9.0,9.0,-1.69,3.6,1.9100000000000001,0,0,0,0,1,0,0,2.13,7.31,4.5,1
370,Lady Leshurr,1,3.0,6.0,9.0,-1.5,3.36,1.8599999999999999,0,0,0,1,0,0,0,2.07,4.5,6.0,1
372,Rosie Jones,1,9.0,0.0,9.0,1.69,0.0,1.69,0,0,0,0,0,0,0,1.19,1.69,9.0,0
309,Sharon Osbourne,1,9.0,0.0,9.0,1.5,0.0,1.5,0,0,0,0,0,0,0,1.14,1.5,9.0,0
281,Jonnie Peacock,1,5.4,3.6,9.0,0.0,1.44,1.44,0,0,0,0,0,0,0,1.13,3.6,9.0,0
197,Danny Dyer,1,4.5,4.5,9.0,-1.69,3.06,1.37,0,0,0,1,1,0,0,2.05,2.81,7.88,2
394,Laurence Llewelyn-Bowen,1,6.0,3.0,9.0,1.5,-0.24,1.26,0,0,0,0,0,0,0,1.46,4.5,7.5,0
367,Kiell Smith-Bynoe,1,6.0,3.0,9.0,0.0,1.2,1.2,0,0,0,0,0,0,0,1.06,3.0,9.0,0
109,Gregg Wallace,1,4.5,4.5,9.0,0.0,1.05,1.05,0,0,0,0,0,0,0,1.02,4.5,7.88,0
352,Rose Matafeo,1,3.0,6.0,9.0,-1.5,2.4,0.8999999999999999,0,0,0,0,0,0,0,1.91,4.5,9.0,0
363,Gyles Brandreth,1,4.5,4.5,9.0,0.0,0.81,0.81,1,0,0,0,0,0,0,0.93,4.5,6.75,1
395,Ellie Simmonds,1,3.0,6.0,9.0,-1.5,2.16,0.6600000000000001,0,0,0,0,0,0,0,1.87,4.5,9.0,0
368,Philippa Perry,1,6.0,3.0,9.0,0.0,0.36,0.36,0,0,0,0,0,0,0,0.71,3.0,8.25,0
257,The Rev. Richard Coles,1,9.0,0.0,9.0,1.5,-1.44,0.06000000000000005,0,0,0,0,0,0,0,1.71,1.5,9.0,0
271,Debbie McGee,1,9.0,0.0,9.0,1.5,-1.44,0.06000000000000005,0,0,0,0,0,0,0,1.71,1.5,9.0,0
101,Rebecca Front,1,9.0,0.0,9.0,0.0,0.0,0.0,0,0,0,0,0,0,0,0.0,0.0,9.0,0
102,Nick Hewer,1,9.0,0.0,9.0,0.0,0.0,0.0,0,0,0,0,1,0,0,0.0,0.0,9.0,1
180,Ed Byrne,1,9.0,0.0,9.0,0.0,0.0,0.0,0,0,0,0,0,0,0,0.0,0.0,9.0,0
218,Doon Mackichan,1,9.0,0.0,9.0,0.0,0.0,0.0,0,0,0,0,0,0,0,0.0,0.0,9.0,0
219,Ben Miller,1,9.0,0.0,9.0,0.0,0.0,0.0,0,0,0,0,1,0,0,0.0,0.0,9.0,1
323,Ruth Madeley,1,9.0,0.0,9.0,0.0,0.0,0.0,0,0,0,0,0,0,0,0.0,0.0,9.0,0
324,Joe Swash,1,9.0,0.0,9.0,0.0,0.0,0.0,0,0,0,0,0,0,0,0.0,0.0,9.0,0
331,Gemma Cairney,1,5.4,3.6,9.0,0.0,0.0,0.0,0,0,0,0,0,0,0,0.0,3.6,9.0,0
361,Sophie Ellis-Bextor,1,9.0,0.0,9.0,0.0,0.0,0.0,0,0,0,0,0,0,0,0.0,0.0,9.0,0
377,Jenny Ryan,1,9.0,0.0,9.0,0.0,0.0,0.0,0,0,0,0,0,0,0,0.0,0.0,9.0,0
413,Morgana Robinson,1,9.0,0.0,9.0,0.0,0.0,0.0,0,0,0,0,0,0,0,0.0,0.0,9.0,0
25,Dave Spikey,1,6.0,3.0,9.0,0.0,-0.24,-0.24,0,0,0,0,0,0,0,0.31,3.0,9.0,0
176,Bruno Tonioli,1,6.0,3.0,9.0,0.0,-0.24,-0.24,0,0,0,0,0,0,0,0.31,3.0,7.5,0
369,Mike Wozniak,1,6.0,3.0,9.0,0.0,-0.24,-0.24,0,0,0,0,0,0,0,0.31,3.0,9.0,0
256,Kerry Howard,1,9.0,0.0,9.0,0.0,-0.75,-0.75,0,0,0,0,0,0,0,0.45,0.0,9.0,0
307,Liz Bonnin,1,9.0,0.0,9.0,0.0,-0.75,-0.75,0,0,0,0,0,0,0,0.45,0.0,9.0,0
147,Jim Carter,1,4.5,4.5,9.0,-1.69,0.81,-0.8799999999999999,0,0,0,0,1,0,0,1.53,2.81,9.0,1
190,Ray Winstone,1,9.0,0.0,9.0,0.0,-1.2,-1.2,0,0,0,0,1,0,0,0.53,0.0,9.0,1
239,Adam Woodyatt,1,9.0,0.0,9.0,0.0,-1.2,-1.2,0,0,0,0,0,0,0,0.53,0.0,9.0,0
374,Victoria Derbyshire,1,9.0,0.0,9.0,0.0,-1.2,-1.2,0,0,0,0,0,0,0,0.53,0.0,9.0,0
223,Michael Smiley,1,3.0,6.0,9.0,-1.5,0.0,-1.5,0,0,0,0,0,0,0,0.57,4.5,6.0,0
13,Ulrika Jonsson,1,2.25,6.0,8.25,-1.12,3.36,2.2399999999999998,1,0,0,0,0,0,0,2.02,4.88,5.25,1
14,Myleene Klass,1,4.5,3.6,8.1,2.25,2.88,5.13,1,0,1,0,0,0,0,2.73,5.85,8.1,2
195,Aisling Bea,1,4.5,3.6,8.1,3.38,1.44,4.82,0,0,1,0,0,0,0,2.63,6.98,8.1,1
144,Josie Lawrence,1,4.5,3.6,8.1,1.69,1.44,3.13,0,0,1,0,0,0,0,2.32,5.29,8.1,1
136,Tess Daly,1,4.5,3.6,8.1,0.0,2.88,2.88,1,0,0,0,0,0,0,1.42,3.6,8.1,1
284,Daisy May Cooper,1,4.5,3.6,8.1,0.0,2.88,2.88,1,0,0,0,0,0,0,1.42,3.6,8.1,1
111,Nina Wadia,1,4.5,3.6,8.1,0.0,1.44,1.44,0,0,0,0,0,0,0,1.13,3.6,8.1,0
113,Konnie Huq,1,4.5,3.6,8.1,0.0,1.44,1.44,0,0,0,0,0,0,0,1.13,3.6,8.1,0
201,Rick Edwards,1,4.5,3.6,8.1,0.0,1.44,1.44,0,0,0,0,0,0,0,1.13,3.6,8.1,0
119,Chris Packham,1,4.5,3.6,8.1,1.12,0.0,1.12,1,0,0,0,0,0,0,1.04,4.72,8.1,1
99,Chris Addison,1,4.5,3.6,8.1,-1.12,1.44,0.31999999999999984,0,0,0,0,0,0,0,1.65,2.48,8.1,0
338,Nicola Coughlan,1,4.5,3.6,8.1,0.0,0.0,0.0,0,0,0,0,0,0,0,0.0,3.6,8.1,0
340,Mr Motivator,1,4.5,3.6,8.1,0.0,-0.06,-0.06,0,0,0,0,0,0,0,0.2,3.6,8.1,0
194,Seann Walsh,1,4.5,3.6,8.1,0.0,-0.96,-0.96,0,0,0,0,0,0,0,0.49,3.6,8.1,0
203,Alan Davies,1,4.5,3.6,8.1,-1.12,0.0,-1.12,0,0,0,0,0,0,0,0.52,2.48,8.1,0
403,Prof. Alice Roberts,1,4.5,3.6,8.1,-2.25,0.0,-2.25,0,0,0,0,0,0,0,0.66,1.35,8.1,0
358,Holly Willoughby,1,0.0,7.5,7.5,0.0,7.5,7.5,1,0,0,0,0,0,0,1.96,7.5,7.5,1
356,Caroline Quentin,1,4.5,3.0,7.5,1.69,2.4,4.09,1,0,1,0,0,0,0,2.53,4.69,6.0,2
348,Martin Lewis,1,4.5,3.0,7.5,3.38,0.0,3.38,1,0,0,0,0,0,0,1.5,6.38,6.0,1
174,Kirsty Wark,1,4.5,3.0,7.5,1.69,1.56,3.25,1,0,0,0,0,0,0,2.35,4.69,6.75,1
32,Ben Shephard,1,4.5,3.0,7.5,0.0,2.4,2.4,0,0,0,0,0,0,0,1.34,3.0,7.5,0
266,Cariad Lloyd,1,4.5,3.0,7.5,0.0,2.4,2.4,1,0,0,0,0,0,0,1.34,3.0,6.0,1
177,Kian Egan,1,4.5,3.0,7.5,1.12,1.2,2.3200000000000003,1,0,0,0,0,0,0,2.1,4.12,7.5,1
387,Steve Pemberton,1,4.5,3.0,7.5,2.25,0.06,2.31,0,0,1,0,0,0,0,1.7,5.25,6.75,1
350,Johnny Vegas,1,0.0,7.5,7.5,-3.0,4.62,1.62,0,0,0,1,0,0,0,2.39,4.5,7.5,1
118,Mackenzie Crook,1,4.5,3.0,7.5,1.12,0.12,1.2400000000000002,0,0,0,0,1,0,0,1.53,4.12,6.75,1
98,Joanna Page,1,4.5,3.0,7.5,0.0,1.2,1.2,0,0,0,0,1,0,0,1.06,3.0,6.0,1
232,Brian Blessed,1,4.5,3.0,7.5,0.0,1.2,1.2,0,0,0,0,0,0,0,1.06,3.0,6.0,0
246,Ed Balls,1,4.5,3.0,7.5,0.0,1.2,1.2,0,0,0,0,0,0,0,1.06,3.0,6.0,0
157,Dermot O'Leary,1,4.5,3.0,7.5,0.0,-0.24,-0.24,0,0,0,0,0,0,0,0.31,3.0,6.0,0
274,Paul Sinha,1,4.5,3.0,7.5,0.0,-0.24,-0.24,0,0,0,0,0,0,0,0.31,3.0,7.5,0
304,Jay Blades,1,4.5,3.0,7.5,0.0,-0.24,-0.24,0,0,0,0,0,0,0,0.31,3.0,7.5,0
365,Sarah Kendall,1,4.5,3.0,7.5,-1.69,1.2,-0.49,0,0,0,0,0,0,0,1.66,1.31,6.0,0
290,"Georgia ""Toff"" Toffolo",1,4.5,3.0,7.5,-1.69,-0.24,-1.93,0,0,0,0,0,0,0,0.91,1.31,6.0,0
381,Gloria Hunniford,1,4.5,3.0,7.5,-1.69,-0.24,-1.93,0,0,0,0,0,0,0,0.91,1.31,7.5,0
242,Sir Tom Courtenay,1,4.5,3.0,7.5,-1.69,-2.4,-4.09,0,0,0,0,0,0,0,1.27,1.31,7.5,0
312,Steph McGovern,1,3.6,3.6,7.2,0.0,1.44,1.44,0,0,0,0,0,0,0,1.13,3.6,7.2,0
55,Reginald D Hunter,1,6.75,0.0,6.75,2.25,0.0,2.25,1,0,1,0,0,0,0,1.31,2.25,6.75,2
178,Adil Ray,1,6.75,0.0,6.75,3.38,-1.2,2.1799999999999997,0,0,1,0,0,0,0,2.03,3.38,6.75,1
364,Yung Filly,1,2.25,4.5,6.75,-1.12,2.25,1.13,0,0,0,0,0,0,0,1.83,3.38,5.62,0
4,Natalie Cassidy,1,6.75,0.0,6.75,0.0,-1.2,-1.2,0,0,0,0,0,0,0,0.53,0.0,6.75,0
69,Chris Hoy,1,6.75,0.0,6.75,0.0,-1.44,-1.44,0,0,0,0,0,0,0,0.56,0.0,6.75,0
161,Carol Kirkwood,1,6.75,0.0,6.75,0.0,-1.44,-1.44,0,0,0,0,0,0,0,0.56,0.0,6.75,0
337,Ed Gamble,1,6.75,0.0,6.75,0.0,-1.44,-1.44,0,0,0,0,0,0,0,0.56,0.0,6.75,0
375,Deborah Frances-White,1,6.75,0.0,6.75,0.0,-1.44,-1.44,0,0,0,0,0,0,0,0.56,0.0,6.75,0
30,Trisha Goddard,1,6.75,0.0,6.75,-1.12,-1.44,-2.56,0,0,0,0,0,0,0,1.08,-1.12,6.75,0
48,Graeme Garden,1,3.6,3.0,6.6,0.9,2.4,3.3,1,0,0,0,0,0,0,2.3,3.9,6.6,1
277,Prue Leith,1,3.0,3.6,6.6,0.0,2.88,2.88,1,0,0,0,0,0,0,1.42,3.6,6.6,1
146,Emily Maitlis,1,3.0,3.6,6.6,0.0,1.68,1.68,1,0,0,0,0,0,0,1.19,3.6,6.6,1
84,Craig Revel Horwood,1,3.0,3.6,6.6,0.0,1.44,1.44,0,0,0,0,0,0,0,1.13,3.6,6.6,0
327,Laura Whitmore,1,3.0,3.6,6.6,0.0,0.0,0.0,0,0,0,0,0,0,0,0.0,3.6,6.6,0
163,Greg Rutherford,1,3.0,3.6,6.6,-1.5,0.0,-1.5,0,0,0,0,0,0,0,0.57,2.1,6.6,0
391,Shirley Ballas,1,3.0,3.0,6.0,1.5,2.4,3.9,1,0,0,0,0,0,0,2.48,4.5,4.5,1
66,Omid Djalili,1,0.0,6.0,6.0,0.0,3.6,3.6,1,0,0,0,0,0,0,1.53,6.0,6.0,1
379,Joe Thomas,1,6.0,0.0,6.0,3.0,0.0,3.0,0,0,1,0,0,0,0,1.44,3.0,6.0,1
314,Geoff Norcott,1,0.0,6.0,6.0,-2.25,4.8,2.55,0,0,0,1,0,0,0,2.34,3.75,3.0,1
328,Maisie Adam,1,0.0,6.0,6.0,0.0,2.4,2.4,0,0,0,0,0,0,0,1.34,6.0,3.0,0
408,Stephen Bailey,1,0.0,6.0,6.0,0.0,2.16,2.16,0,0,0,0,0,0,0,1.29,6.0,6.0,0
233,Jamie Laing,1,6.0,0.0,6.0,3.0,-1.44,1.56,0,0,1,0,0,0,0,2.01,3.0,6.0,1
240,Dr. Maggie Aderin-Pocock,1,6.0,0.0,6.0,1.5,0.0,1.5,0,0,0,0,0,0,0,1.14,1.5,6.0,0
131,Richard Bacon,1,3.0,3.0,6.0,1.5,-0.24,1.26,0,0,0,0,0,0,0,1.46,4.5,4.5,0
82,Brian Cox,1,3.0,3.0,6.0,0.0,1.2,1.2,0,0,0,0,0,0,0,1.06,3.0,6.0,0
152,Gok Wan,1,4.5,1.5,6.0,0.0,0.75,0.75,0,0,0,0,0,0,0,0.91,1.5,5.62,0
335,Sara Barron,1,4.5,1.5,6.0,0.0,0.75,0.75,0,0,0,0,0,0,0,0.91,1.5,5.62,0
220,David Haye,1,4.5,1.5,6.0,1.12,-0.69,0.43000000000000016,0,0,0,0,0,0,0,1.48,2.62,5.62,0
160,Susan Calman,1,3.0,3.0,6.0,-1.5,1.65,0.1499999999999999,0,0,0,0,0,0,0,1.75,1.5,4.5,0
129,Kate Humble,1,6.0,0.0,6.0,1.5,-1.44,0.06000000000000005,0,0,0,0,0,0,0,1.71,1.5,6.0,0
167,Griff Rhys Jones,1,6.0,0.0,6.0,1.5,-1.44,0.06000000000000005,0,0,0,0,0,0,0,1.71,1.5,6.0,0
371,Alan Titchmarsh,1,6.0,0.0,6.0,1.5,-1.44,0.06000000000000005,0,0,0,0,0,0,0,1.71,1.5,6.0,0
183,Kelly Hoppen,1,6.0,0.0,6.0,0.0,0.0,0.0,0,0,0,0,1,0,0,0.0,0.0,6.0,1
260,Steve Davis,1,6.0,0.0,6.0,0.0,0.0,0.0,0,0,0,0,0,0,0,0.0,0.0,6.0,0
270,Lucy Porter,1,6.0,0.0,6.0,0.0,0.0,0.0,0,0,0,0,0,0,0,0.0,0.0,6.0,0
412,Ugo Monye,1,6.0,0.0,6.0,0.0,0.0,0.0,0,0,0,0,0,0,0,0.0,0.0,6.0,0
171,Micky Flanagan,1,3.0,3.0,6.0,0.0,-0.24,-0.24,0,0,0,0,0,0,0,0.31,3.0,4.5,0
351,Jim Broadbent,1,6.0,0.0,6.0,1.5,-2.4,-0.8999999999999999,0,0,0,0,0,0,0,1.81,1.5,6.0,0
199,Moira Stuart,1,6.0,0.0,6.0,0.0,-1.2,-1.2,0,0,0,0,0,0,0,0.53,0.0,6.0,0
366,Pam Ayres,1,6.0,0.0,6.0,0.0,-1.2,-1.2,0,0,0,0,0,0,0,0.53,0.0,6.0,0
247,Sheila Hancock,1,6.0,0.0,6.0,0.0,-1.44,-1.44,0,0,0,0,0,0,0,0.56,0.0,6.0,0
300,Liz Carr,1,6.0,0.0,6.0,0.0,-1.44,-1.44,0,0,0,0,0,0,0,0.56,0.0,6.0,0
310,Dr. Ranj Singh,1,6.0,0.0,6.0,-1.5,0.0,-1.5,0,0,0,0,0,0,0,0.57,-1.5,6.0,0
360,Briony May Williams,1,6.0,0.0,6.0,-1.5,0.0,-1.5,0,0,0,0,0,0,0,0.57,-1.5,6.0,0
80,Keeley Hawes,1,6.0,0.0,6.0,1.5,-3.6,-2.1,0,0,0,0,0,0,0,1.91,1.5,6.0,0
263,Claude Littner,1,6.0,0.0,6.0,-1.5,-1.44,-2.94,0,0,0,0,0,0,0,1.14,-1.5,6.0,0
96,Mark Watson,1,6.0,0.0,6.0,0.0,-3.6,-3.6,0,0,0,0,0,0,0,0.77,0.0,6.0,0
75,Richard E Grant,1,2.25,3.6,5.85,0.0,1.68,1.68,1,0,0,0,0,0,0,1.19,3.6,5.85,1
407,Ralf Little,1,2.25,3.6,5.85,0.0,0.0,0.0,0,0,0,0,0,0,0,0.0,3.6,5.85,0
282,Shaun Williamson,1,5.4,0.0,5.4,0.0,-1.44,-1.44,0,0,0,0,0,0,0,0.56,0.0,5.4,0
399,Joe Wilkinson,1,5.4,0.0,5.4,0.0,-1.44,-1.44,0,0,0,0,0,0,0,0.56,0.0,5.4,0
42,Anton du Beke,1,5.4,0.0,5.4,-0.9,-1.2,-2.1,0,0,0,0,0,0,0,1.01,-0.9,5.4,0
151,Isy Suttie,1,5.4,0.0,5.4,-1.8,-1.44,-3.24,0,0,0,0,0,0,0,1.17,-1.8,5.4,0
115,Bill Oddie,1,2.25,3.0,5.25,1.12,0.0,1.12,0,0,0,0,0,0,0,1.04,4.12,3.75,0
184,Amanda Abbington,1,2.25,3.0,5.25,0.0,0.0,0.0,0,0,0,0,0,0,0,0.0,3.0,3.75,0
185,Phill Jupitus,1,2.25,3.0,5.25,0.0,0.0,0.0,0,0,0,0,0,0,0,0.0,3.0,3.75,0
211,Trevor Noah,1,0.0,4.5,4.5,0.0,3.06,3.06,1,0,0,0,1,0,0,1.45,4.5,3.38,2
347,Dr. Xand van Tulleken,1,0.0,4.5,4.5,0.0,3.06,3.06,1,0,0,0,0,0,0,1.45,4.5,3.38,1
402,Snoochie Shy,1,4.5,0.0,4.5,3.38,-1.2,2.1799999999999997,1,0,1,0,0,0,0,2.03,3.38,4.5,2
382,Christopher Eccleston,1,4.5,0.0,4.5,1.69,-1.2,0.49,0,0,0,0,0,0,0,1.72,1.69,4.5,0
45,Rhys Thomas,1,4.5,0.0,4.5,0.0,0.0,0.0,0,0,0,0,0,0,0,0.0,0.0,4.5,0
56,Ken Livingstone,1,4.5,0.0,4.5,0.0,0.0,0.0,0,0,0,0,0,0,0,0.0,0.0,4.5,0
70,Danny Wallace,1,4.5,0.0,4.5,0.0,0.0,0.0,0,0,0,0,0,0,0,0.0,0.0,4.5,0
121,Lorraine Kelly,1,4.5,0.0,4.5,0.0,0.0,0.0,0,0,0,0,0,0,0,0.0,0.0,4.5,0
135,Des O'Connor,1,4.5,0.0,4.5,0.0,0.0,0.0,0,0,0,0,0,0,0,0.0,0.0,4.5,0
265,Ade Edmondson,1,4.5,0.0,4.5,0.0,0.0,0.0,0,0,0,0,0,0,0,0.0,0.0,4.5,0
285,Rory Reid,1,4.5,0.0,4.5,0.0,0.0,0.0,0,0,0,0,0,0,0,0.0,0.0,4.5,0
320,Dani Dyer,1,4.5,0.0,4.5,0.0,0.0,0.0,0,0,0,0,0,0,0,0.0,0.0,4.5,0
400,Amol Rajan,1,4.5,0.0,4.5,0.0,0.0,0.0,0,0,0,0,0,0,0,0.0,0.0,4.5,0
153,Charles Dance,1,4.5,0.0,4.5,0.0,-0.75,-0.75,0,0,0,0,0,0,0,0.45,0.0,4.5,0
22,Harry Enfield,1,4.5,0.0,4.5,0.0,-1.44,-1.44,0,0,0,0,0,0,0,0.56,0.0,4.5,0
373,Jamali Maddix,1,4.5,0.0,4.5,-1.69,0.0,-1.69,0,0,0,0,0,0,0,0.6,-1.69,4.5,0
169,Dave Myers,1,4.5,0.0,4.5,0.0,-2.4,-2.4,0,0,0,0,1,0,0,0.67,0.0,4.5,1
354,Angela Rippon,1,4.5,0.0,4.5,-1.12,-1.44,-2.56,0,0,0,0,0,0,0,1.08,-1.12,4.5,0
149,Vernon Kay,1,0.0,3.6,3.6,0.0,2.88,2.88,1,0,0,0,0,0,0,1.42,3.6,3.6,1
254,Ore Oduba,1,0.0,3.6,3.6,0.0,2.88,2.88,1,0,0,0,0,0,0,1.42,3.6,3.6,1
210,Judy Murray,1,0.0,3.6,3.6,0.0,1.44,1.44,0,0,0,0,0,0,0,1.13,3.6,3.6,0
216,Dame Kelly Holmes,1,0.0,3.6,3.6,0.0,1.44,1.44,0,0,0,0,0,0,0,1.13,3.6,3.6,0
405,Anton Du Beke,1,0.0,3.6,3.6,0.0,1.44,1.44,0,0,0,0,0,0,0,1.13,3.6,3.6,0
49,Lauren Laverne,1,3.6,0.0,3.6,0.9,0.0,0.9,0,0,0,0,0,0,0,0.97,0.9,3.6,0
19,Wendy Richard,1,3.6,0.0,3.6,0.0,0.0,0.0,0,0,0,0,0,0,0,0.0,0.0,3.6,0
158,Matt Dawson,1,0.0,3.6,3.6,-1.69,1.44,-0.25,0,0,0,0,0,0,0,1.72,1.91,3.6,0
173,Rob Beckett,1,0.0,3.6,3.6,-1.69,1.44,-0.25,0,0,0,0,0,0,0,1.72,1.91,3.6,0
313,Joe Sugg,1,3.6,0.0,3.6,0.0,-1.44,-1.44,0,0,0,0,0,0,0,0.56,0.0,3.6,0
124,Chris Tarrant,1,3.6,0.0,3.6,-0.9,-1.44,-2.34,0,0,0,0,0,0,0,1.05,-0.9,3.6,0
262,Nikki Fox,1,0.0,3.0,3.0,0.0,2.4,2.4,1,0,0,0,0,0,0,1.34,3.0,3.0,1
293,Stacey Dooley,1,0.0,3.0,3.0,0.0,2.4,2.4,1,0,0,0,0,0,0,1.34,3.0,1.5,1
344,Sindhu Vee,1,0.0,3.0,3.0,0.0,2.4,2.4,0,0,0,0,0,0,0,1.34,3.0,3.0,0
67,Janet Street-Porter,1,0.0,3.0,3.0,0.0,1.2,1.2,0,0,0,0,0,0,0,1.06,3.0,1.5,0
390,Simon Gregson,1,0.0,3.0,3.0,0.0,1.2,1.2,0,0,0,0,0,0,0,1.06,3.0,1.5,0
401,Munya Chawawa,1,0.0,3.0,3.0,0.0,1.2,1.2,0,0,0,0,0,0,0,1.06,3.0,1.5,0
243,Chris Kamara,1,3.0,0.0,3.0,1.5,-1.2,0.30000000000000004,0,0,0,0,0,0,0,1.68,1.5,3.0,0
71,Reece Shearsmith,1,3.0,0.0,3.0,0.0,0.0,0.0,0,0,0,0,0,0,0,0.0,0.0,3.0,0
72,Trinny Woodall,1,3.0,0.0,3.0,0.0,0.0,0.0,0,0,0,0,0,0,0,0.0,0.0,3.0,0
93,Bernard Cribbins,1,3.0,0.0,3.0,0.0,0.0,0.0,0,0,0,0,0,0,0,0.0,0.0,3.0,0
107,Louie Spence,1,3.0,0.0,3.0,0.0,0.0,0.0,0,0,0,0,0,0,0,0.0,0.0,3.0,0
278,Big Narstie,1,3.0,0.0,3.0,0.0,0.0,0.0,0,0,0,0,0,0,0,0.0,0.0,3.0,0
303,Lucy Worsley,1,3.0,0.0,3.0,0.0,0.0,0.0,0,0,0,0,0,0,0,0.0,0.0,3.0,0
378,Sam Quek,1,3.0,0.0,3.0,0.0,0.0,0.0,0,0,0,0,0,0,0,0.0,0.0,3.0,0
409,Gemma Collins,1,0.0,3.0,3.0,0.0,-0.24,-0.24,0,0,0,0,0,0,0,0.31,3.0,1.5,0
138,Diane Parish,1,0.0,3.0,3.0,-1.69,1.2,-0.49,0,0,0,0,0,0,0,1.66,1.31,3.0,0
383,Sophie Willan,1,0.0,3.0,3.0,-1.69,1.2,-0.49,0,0,0,0,0,0,0,1.66,1.31,1.5,0
116,Frank Skinner,1,0.0,3.0,3.0,-1.12,0.0,-1.12,0,0,0,0,0,0,0,0.52,1.88,3.0,0
51,Larry Lamb,1,3.0,0.0,3.0,0.0,-1.2,-1.2,0,0,0,0,0,0,0,0.53,0.0,3.0,0
225,Nick Robinson,1,3.0,0.0,3.0,0.0,-1.44,-1.44,0,0,0,0,0,0,0,0.56,0.0,3.0,0
294,John Simm,1,3.0,0.0,3.0,0.0,-1.44,-1.44,0,0,0,0,0,0,0,0.56,0.0,3.0,0
318,Kiri Pritchard-McLean,1,3.0,0.0,3.0,0.0,-1.44,-1.44,0,0,0,0,0,0,0,0.56,0.0,3.0,0
189,Ray Mears,1,3.0,0.0,3.0,-1.5,0.0,-1.5,0,0,0,0,0,0,0,0.57,-1.5,3.0,0
91,Hugh Fearnley-Whittingstall,1,3.0,0.0,3.0,-1.5,-1.44,-2.94,0,0,0,0,1,0,0,1.14,-1.5,3.0,1
230,Prof. Kate Williams,1,3.0,0.0,3.0,-1.5,-1.44,-2.94,0,0,0,0,0,0,0,1.14,-1.5,3.0,0
60,Clive Anderson,1,2.25,0.0,2.25,-1.12,-1.44,-2.56,0,0,0,0,0,0,0,1.08,-1.12,2.25,0
286,Lily Allen,1,0.0,0.0,0.0,0.0,0.0,0.0,0,0,0,0,0,0,0,0.0,0.0,0.0,0
287,Noddy Holder,1,0.0,0.0,0.0,0.0,0.0,0.0,0,0,0,0,0,0,0,0.0,0.0,0.0,0
332,Sophie Hermann,1,0.0,0.0,0.0,0.0,0.0,0.0,0,0,0,0,0,0,0,0.0,0.0,0.0,0
343,Alex Horne,1,0.0,0.0,0.0,0.0,0.0,0.0,0,0,0,0,0,0,0,0.0,0.0,0.0,0
357,Suggs,1,0.0,0.0,0.0,0.0,0.0,0.0,0,0,0,0,0,0,0,0.0,0.0,0.0,0
389,Chizzy Akudolu,1,0.0,0.0,0.0,0.0,-1.2,-1.2,0,0,0,0,0,0,0,0.53,0.0,0.0,0
346,Maya Jama,1,0.0,0.0,0.0,0.0,-1.44,-1.44,0,0,0,0,0,0,0,0.56,0.0,0.0,0
206,Nick Grimshaw,1,0.0,0.0,0.0,-1.69,0.0,-1.69,0,0,0,0,0,0,0,0.6,-1.69,0.0,0
250,Melvin Odoom,1,0.0,0.0,0.0,-2.25,0.0,-2.25,0,0,0,0,0,0,0,0.66,-2.25,0.0,0
9,Dominic Wood,1,0.0,0.0,0.0,0.0,-2.4,-2.4,0,0,0,0,0,0,0,0.67,0.0,0.0,0
291,Ellie Taylor,1,0.0,0.0,0.0,-1.69,-1.2,-2.8899999999999997,0,0,0,0,0,0,0,1.13,-1.69,0.0,0
273,Mary Portas,1,0.0,0.0,0.0,-1.69,-1.44,-3.13,0,0,0,0,0,0,0,1.16,-1.69,0.0,0
